{
    "total": 0.8409090909090909,
    "correct": 0.8739495798319328,
    "incorrect": 0.8137931034482758,
    "f1": 0.8404604316546762,
    "cross_entropy": 1.2042171769087926
}