{
    "total": 0.2575107296137339,
    "extrinsic-NP": 0.17427385892116182,
    "extrinsic-predicate": 0.2702702702702703,
    "intrinsic-NP": 0.13179916317991633,
    "intrinsic-predicate": 0.15268817204301074,
    "correct": 0.5683297180043384
}