{
    "total": 0.5519848771266541,
    "correct": 0.6981132075471698,
    "incorrect": 0.4053030303030303
}