{
    "total": 0.040983606557377046,
    "extrinsic": 0.03333333333333333,
    "intrinsic": 0.0625,
    "f1": 0.040919169522273736,
    "cross_entropy": 1.375551425601717
}