{
    "total": 0.8,
    "correct": 0.75,
    "incorrect": 0.8333333333333334,
    "f1": 0.0,
    "cross_entropy": 0.8315827496951831
}