{
    "total": 0.6710775047258979,
    "correct": 0.5620437956204379,
    "incorrect": 0.788235294117647
}