{
    "google_bleu": 0.014783313082219522,
    "rouge1": 0.04147087365114159,
    "rouge2": 0.015783176065244334,
    "rougeL": 0.03821945516871364,
    "rougeLsum": 0.03793705196349982,
    "meteor": 0.07917063814749731,
    "precision": [
        0.8423532843589783,
        0.7982867956161499,
        0.7956858277320862,
        0.8437617421150208,
        0.0,
        0.812626302242279,
        0.8273299336433411,
        0.8378276824951172,
        0.0,
        0.776402473449707,
        0.0,
        0.7794619202613831,
        0.7774039506912231,
        0.822982907295227,
        0.0,
        0.8475501537322998,
        0.0,
        0.8133850693702698,
        0.8275378942489624,
        0.7950785756111145,
        0.8068956136703491,
        0.7817466259002686,
        0.800804078578949,
        0.8196320533752441,
        0.7838775515556335,
        0.7920175790786743,
        0.829115092754364,
        0.0,
        0.8054134845733643,
        0.7994723320007324,
        0.0,
        0.0,
        0.7885837554931641,
        0.0,
        0.7990281581878662,
        0.0,
        0.8050882816314697,
        0.0,
        0.0,
        0.8067682981491089,
        0.8134942054748535,
        0.0,
        0.7687093019485474,
        0.8104903101921082,
        0.0,
        0.8069974184036255,
        0.7853509783744812,
        0.0,
        0.0,
        0.7816078662872314,
        0.7906970977783203,
        0.0,
        0.7947161793708801,
        0.0,
        0.7827666401863098,
        0.8174929618835449,
        0.0,
        0.0
    ],
    "recall": [
        0.8636921048164368,
        0.8204002380371094,
        0.8107607960700989,
        0.8478811383247375,
        0.0,
        0.8687679171562195,
        0.8647311329841614,
        0.8366426825523376,
        0.0,
        0.8610231876373291,
        0.0,
        0.8247087597846985,
        0.7783622741699219,
        0.8277848958969116,
        0.0,
        0.8848308324813843,
        0.0,
        0.8700512051582336,
        0.8073743581771851,
        0.9017444252967834,
        0.8246827721595764,
        0.8705240488052368,
        0.784913957118988,
        0.8304111957550049,
        0.8566612005233765,
        0.8065689206123352,
        0.7807043790817261,
        0.0,
        0.8756086230278015,
        0.8491363525390625,
        0.0,
        0.0,
        0.7979828119277954,
        0.0,
        0.8403075933456421,
        0.0,
        0.7713013887405396,
        0.0,
        0.0,
        0.787601113319397,
        0.8396340608596802,
        0.0,
        0.820727527141571,
        0.7822734713554382,
        0.0,
        0.8664070963859558,
        0.831807017326355,
        0.0,
        0.0,
        0.8472303748130798,
        0.8247354030609131,
        0.0,
        0.8160997629165649,
        0.0,
        0.8066957592964172,
        0.8958514332771301,
        0.0,
        0.0
    ],
    "f1": [
        0.8528892397880554,
        0.8091924786567688,
        0.8031525611877441,
        0.845816433429718,
        0.0,
        0.8397598266601562,
        0.8456171154975891,
        0.8372347354888916,
        0.0,
        0.8165262937545776,
        0.0,
        0.8014472126960754,
        0.7778828144073486,
        0.8253769278526306,
        0.0,
        0.8657893538475037,
        0.0,
        0.8407644033432007,
        0.8173317909240723,
        0.8450589179992676,
        0.8156922459602356,
        0.8237503170967102,
        0.7927793860435486,
        0.8249863982200623,
        0.8186548948287964,
        0.7992269992828369,
        0.8041818737983704,
        0.0,
        0.8390454649925232,
        0.8235563039779663,
        0.0,
        0.0,
        0.7932554483413696,
        0.0,
        0.8191481828689575,
        0.0,
        0.7878327965736389,
        0.0,
        0.0,
        0.7970694899559021,
        0.8263574838638306,
        0.0,
        0.7938672304153442,
        0.79613196849823,
        0.0,
        0.835647702217102,
        0.80791175365448,
        0.0,
        0.0,
        0.8130972385406494,
        0.8073576092720032,
        0.0,
        0.8052660226821899,
        0.0,
        0.7945510745048523,
        0.8548803925514221,
        0.0,
        0.0
    ],
    "hashcode": "roberta-large_L17_no-idf_version=0.3.12(hug_trans=4.45.1)"
}