{
    "total": 0.27932489451476794,
    "extrinsic-NP": 0.4092827004219409,
    "extrinsic-predicate": 0.44148936170212766,
    "intrinsic-NP": 0.027472527472527472,
    "intrinsic-predicate": 0.13580246913580246,
    "correct": 0.14615384615384616
}