{
    "total": 0.2375,
    "extrinsic-NP": 0.4588235294117647,
    "extrinsic-predicate": 0.43037974683544306,
    "intrinsic-NP": 0.0,
    "intrinsic-predicate": 0.16279069767441862,
    "correct": 0.10126582278481013
}