{
    "total": 0.032467532467532464,
    "extrinsic": 0.018633540372670808,
    "intrinsic": 0.047619047619047616,
    "f1": 0.032304318488529014,
    "cross_entropy": 1.0314005519746396
}