{
    "total": 0.04918032786885246,
    "extrinsic": 0.05555555555555555,
    "intrinsic": 0.03125,
    "f1": 0.04815711595372612,
    "cross_entropy": 1.3683263738946077
}