{
    "total": 0.23333333333333334,
    "extrinsic": 0.2857142857142857,
    "intrinsic": 0.1875
}