{
    "total": 0.18032786885245902,
    "extrinsic": 0.18888888888888888,
    "intrinsic": 0.15625,
    "f1": 0.1723202170963365,
    "cross_entropy": 0.7997108704329107
}