{
    "total": 0.04918032786885246,
    "extrinsic": 0.06666666666666667,
    "intrinsic": 0.0,
    "f1": 0.046875,
    "cross_entropy": 1.3841112175902999
}