{
    "google_bleu": 0.03927289048473968,
    "rouge1": 0.0826832823266829,
    "rouge2": 0.05081156766579223,
    "rougeL": 0.08209940799096935,
    "rougeLsum": 0.08257831890581614,
    "meteor": 0.12970716993156806,
    "precision": [
        0.8636559247970581,
        0.0,
        0.8048489689826965,
        0.8463245034217834,
        0.0,
        0.0,
        0.8309863209724426,
        0.8190810680389404,
        0.856239378452301,
        0.0,
        0.9019233584403992,
        0.0,
        0.8031108379364014,
        0.7907305359840393,
        0.794807493686676,
        0.8833580017089844,
        0.8452301025390625,
        0.0,
        0.8545660972595215,
        0.8179024457931519,
        0.8329787254333496,
        0.8156237006187439,
        0.0,
        0.8353217840194702,
        0.0,
        0.8126525282859802,
        0.0,
        0.8074502944946289,
        0.826127290725708,
        0.9207733869552612,
        0.7813178300857544,
        0.0,
        0.8057165145874023,
        0.8815951943397522,
        0.0,
        0.0,
        0.7915058135986328,
        0.0,
        0.9283429980278015,
        0.8800033330917358,
        0.0,
        0.8593173623085022,
        0.0,
        0.8189711570739746,
        0.8409477472305298,
        0.0,
        0.772814154624939,
        0.8162236213684082,
        0.8154240846633911,
        0.0,
        0.7873278856277466,
        0.0,
        0.790479838848114,
        0.8379055261611938,
        0.0,
        0.800976037979126,
        0.7995691895484924,
        0.8138333559036255,
        0.0
    ],
    "recall": [
        0.8623865842819214,
        0.0,
        0.8663918972015381,
        0.8192389011383057,
        0.0,
        0.0,
        0.8660528659820557,
        0.9045577049255371,
        0.8736888766288757,
        0.0,
        0.9569233059883118,
        0.0,
        0.7605553865432739,
        0.8742703199386597,
        0.818500816822052,
        0.9141156673431396,
        0.7918528914451599,
        0.0,
        0.8985505104064941,
        0.8566436767578125,
        0.8059686422348022,
        0.8985611796379089,
        0.0,
        0.8293566107749939,
        0.0,
        0.7814629673957825,
        0.0,
        0.7845703363418579,
        0.8264657258987427,
        0.8583643436431885,
        0.7929308414459229,
        0.0,
        0.8730261921882629,
        0.8749009966850281,
        0.0,
        0.0,
        0.8054182529449463,
        0.0,
        0.9606375694274902,
        0.8403570652008057,
        0.0,
        0.9192129373550415,
        0.0,
        0.7987271547317505,
        0.8878732919692993,
        0.0,
        0.8535392880439758,
        0.7827425599098206,
        0.8337348103523254,
        0.0,
        0.8139234781265259,
        0.0,
        0.8678795695304871,
        0.8519822359085083,
        0.0,
        0.8123371005058289,
        0.8788294196128845,
        0.8958094716072083,
        0.0
    ],
    "f1": [
        0.8630207777023315,
        0.0,
        0.8344873189926147,
        0.8325614929199219,
        0.0,
        0.0,
        0.8481573462486267,
        0.8596999645233154,
        0.8648760914802551,
        0.0,
        0.9286096692085266,
        0.0,
        0.7812540531158447,
        0.8304046392440796,
        0.8064802289009094,
        0.8984736204147339,
        0.8176712393760681,
        0.0,
        0.8760064840316772,
        0.836824893951416,
        0.8192511200904846,
        0.855086088180542,
        0.0,
        0.8323285579681396,
        0.0,
        0.7967526316642761,
        0.0,
        0.7958458662033081,
        0.8262965083122253,
        0.8884742259979248,
        0.7870814800262451,
        0.0,
        0.838021993637085,
        0.878235399723053,
        0.0,
        0.0,
        0.7984014749526978,
        0.0,
        0.9442142248153687,
        0.8597233891487122,
        0.0,
        0.8882566094398499,
        0.0,
        0.8087224960327148,
        0.8637736439704895,
        0.0,
        0.8111732602119446,
        0.7991325855255127,
        0.8244777321815491,
        0.0,
        0.8004048466682434,
        0.0,
        0.8273735046386719,
        0.8448852300643921,
        0.0,
        0.8066165447235107,
        0.8373278379440308,
        0.8528560400009155,
        0.0
    ],
    "hashcode": "roberta-large_L17_no-idf_version=0.3.12(hug_trans=4.45.1)"
}