{
    "total": 0.26136363636363635,
    "correct": 0.5210084033613446,
    "incorrect": 0.04827586206896552,
    "f1": 0.22785018973766705,
    "cross_entropy": 0.927404893855193
}