{
    "total": 0.10655737704918032,
    "extrinsic": 0.07777777777777778,
    "intrinsic": 0.1875,
    "f1": 0.1064973459651952,
    "cross_entropy": 0.7891535162689826
}