{
    "total": 0.26515151515151514,
    "correct": 0.5378151260504201,
    "incorrect": 0.041379310344827586,
    "f1": 0.22788397756738826,
    "cross_entropy": 0.7279886072123346
}