{
    "total": 0.011363636363636364,
    "1": 0.0,
    "2": 0.0,
    "3": 0.041666666666666664,
    "4": 0.0,
    "f1": 0.0,
    "cross_entropy": 2.0802144384301937
}