{
    "google_bleu": 0.016254656281747375,
    "rouge1": 0.04983526287254973,
    "rouge2": 0.013588414089039871,
    "rougeL": 0.041470073993787854,
    "rougeLsum": 0.04252023619715824,
    "meteor": 0.07125129981923434,
    "precision": [
        0.8619532585144043,
        0.8011940121650696,
        0.8081146478652954,
        0.8397132158279419,
        0.7892093658447266,
        0.0,
        0.8453013896942139,
        0.8357079029083252,
        0.7860819101333618,
        0.0,
        0.7794619798660278,
        0.8968939781188965,
        0.8162317872047424,
        0.8440142869949341,
        0.8160963654518127,
        0.0,
        0.7998300194740295,
        0.8184268474578857,
        0.791692316532135,
        0.8008041381835938,
        0.8213211894035339,
        0.0,
        0.7920175790786743,
        0.8188559412956238,
        0.7935664057731628,
        0.0,
        0.0,
        0.0,
        0.7879865169525146,
        0.0,
        0.774217963218689,
        0.0,
        0.8479180335998535,
        0.9206969738006592,
        0.0,
        0.0,
        0.7689794301986694,
        0.8204827308654785,
        0.8200053572654724,
        0.785351037979126,
        0.0,
        0.7732517719268799,
        0.0,
        0.0,
        0.789322018623352,
        0.7936944961547852,
        0.8160768151283264
    ],
    "recall": [
        0.8625396490097046,
        0.8235684633255005,
        0.8170313239097595,
        0.8497132062911987,
        0.8547457456588745,
        0.0,
        0.8719063997268677,
        0.8409827947616577,
        0.8743249177932739,
        0.0,
        0.8247088193893433,
        0.7859824299812317,
        0.8236653208732605,
        0.8713392615318298,
        0.84847092628479,
        0.0,
        0.8512657880783081,
        0.819649875164032,
        0.906498908996582,
        0.7849140763282776,
        0.8053425550460815,
        0.0,
        0.8065689206123352,
        0.7685510516166687,
        0.7983081936836243,
        0.0,
        0.0,
        0.0,
        0.806513786315918,
        0.0,
        0.8171513080596924,
        0.0,
        0.9220681190490723,
        0.8173446655273438,
        0.0,
        0.0,
        0.8141680955886841,
        0.7824965715408325,
        0.8754041790962219,
        0.831807017326355,
        0.0,
        0.8107160925865173,
        0.0,
        0.0,
        0.8018864393234253,
        0.8081389665603638,
        0.9014027118682861
    ],
    "f1": [
        0.8622463941574097,
        0.812227189540863,
        0.8125485181808472,
        0.8446835875511169,
        0.8206712603569031,
        0.0,
        0.8583978414535522,
        0.8383370041847229,
        0.827858567237854,
        0.0,
        0.801447331905365,
        0.8377833366394043,
        0.8199317455291748,
        0.8574591875076294,
        0.8319687843322754,
        0.0,
        0.8247466683387756,
        0.8190378546714783,
        0.8452149033546448,
        0.7927795052528381,
        0.8132534027099609,
        0.0,
        0.7992269992828369,
        0.7929064035415649,
        0.7959302663803101,
        0.0,
        0.0,
        0.0,
        0.7971425652503967,
        0.0,
        0.795105516910553,
        0.0,
        0.8834398984909058,
        0.8659479022026062,
        0.0,
        0.0,
        0.7909289002418518,
        0.8010395765304565,
        0.8467996716499329,
        0.8079118132591248,
        0.0,
        0.7915408611297607,
        0.0,
        0.0,
        0.7955545783042908,
        0.8008516430854797,
        0.8566203117370605
    ],
    "hashcode": "roberta-large_L17_no-idf_version=0.3.12(hug_trans=4.45.1)"
}