{
    "total": 0.045454545454545456,
    "correct": 0.10084033613445378,
    "incorrect": 0.0,
    "f1": 0.043478260869565216,
    "cross_entropy": 1.1542799802841353
}