{
    "total": 0.6824196597353497,
    "correct": 0.9494584837545126,
    "incorrect": 0.3888888888888889
}