{
    "total": 0.4,
    "extrinsic-NP": 0.30864197530864196,
    "extrinsic-predicate": 0.30864197530864196,
    "intrinsic-NP": 0.3333333333333333,
    "intrinsic-predicate": 0.30952380952380953,
    "correct": 0.6923076923076923
}