{
    "total": 0.572961373390558,
    "extrinsic-NP": 0.3419354838709677,
    "extrinsic-predicate": 0.5783898305084746,
    "intrinsic-NP": 0.4457831325301205,
    "intrinsic-predicate": 0.6781115879828327,
    "correct": 0.8508158508158508
}