{
    "google_bleu": 0.010332434860736747,
    "rouge1": 0.026407098819733035,
    "rouge2": 0.01388888888888889,
    "rougeL": 0.024819324452766044,
    "rougeLsum": 0.0245681998199234,
    "meteor": 0.03285468653091137,
    "precision": [
        0.8639569878578186,
        0.0,
        0.0,
        0.0,
        0.7765125036239624,
        0.0,
        0.0,
        0.7708339691162109,
        0.0,
        0.8555991053581238,
        0.0,
        0.8301584720611572,
        0.0,
        0.8473610877990723,
        0.0,
        0.0,
        0.8611845970153809,
        0.0,
        0.0,
        0.7960984706878662,
        0.823323130607605,
        0.0,
        0.0,
        0.0,
        0.0,
        0.8293747901916504,
        0.813389003276825,
        0.0,
        0.9627170562744141,
        0.0,
        0.0,
        0.0,
        0.0,
        0.0,
        0.8469797372817993,
        0.0,
        0.0,
        0.8170621395111084,
        0.8116311430931091,
        0.0,
        0.0,
        0.8341519236564636,
        0.0,
        0.0,
        0.0,
        0.8532824516296387,
        0.0,
        0.0,
        0.0,
        0.8037903308868408,
        0.0,
        0.0,
        0.0,
        0.8037149906158447,
        0.841826856136322,
        0.7960458397865295,
        0.8193609714508057,
        0.7960889339447021,
        0.0,
        0.844001293182373,
        0.7744852900505066,
        0.7976201772689819,
        0.835300862789154,
        0.0,
        0.0,
        0.7984838485717773,
        0.8257346153259277,
        0.0,
        0.0,
        0.764411211013794,
        0.8492657542228699,
        0.0,
        0.8095389604568481,
        0.0,
        0.0,
        0.0,
        0.0,
        0.8052161931991577,
        0.8432896137237549,
        0.805701494216919,
        0.0,
        0.0,
        0.0,
        0.7566609978675842,
        0.0,
        0.0,
        0.8134657144546509,
        0.0,
        0.0,
        0.8479312658309937,
        0.0,
        0.0,
        0.0,
        0.0,
        0.0,
        0.7710039615631104,
        0.0,
        0.0,
        0.0,
        0.8149672746658325,
        0.7928420305252075,
        0.8088176250457764,
        0.7949338555335999,
        0.0,
        0.0,
        0.0,
        0.8018783330917358,
        0.0,
        0.0,
        0.9483649730682373,
        0.0,
        0.0,
        0.0,
        0.0
    ],
    "recall": [
        0.9023102521896362,
        0.0,
        0.0,
        0.0,
        0.8565311431884766,
        0.0,
        0.0,
        0.8216112852096558,
        0.0,
        0.8435084223747253,
        0.0,
        0.8979336023330688,
        0.0,
        0.8345069289207458,
        0.0,
        0.0,
        0.8575809597969055,
        0.0,
        0.0,
        0.7703145146369934,
        0.8720525503158569,
        0.0,
        0.0,
        0.0,
        0.0,
        0.865900993347168,
        0.9412281513214111,
        0.0,
        0.806179404258728,
        0.0,
        0.0,
        0.0,
        0.0,
        0.0,
        0.8055872917175293,
        0.0,
        0.0,
        0.8405976295471191,
        0.826269268989563,
        0.0,
        0.0,
        0.8350855112075806,
        0.0,
        0.0,
        0.0,
        0.8156139850616455,
        0.0,
        0.0,
        0.0,
        0.885783314704895,
        0.0,
        0.0,
        0.0,
        0.7817704677581787,
        0.8390682339668274,
        0.8494496941566467,
        0.823172926902771,
        0.7595230340957642,
        0.0,
        0.7905751466751099,
        0.8196799755096436,
        0.8389276266098022,
        0.7717918157577515,
        0.0,
        0.0,
        0.8330318927764893,
        0.777551531791687,
        0.0,
        0.0,
        0.8132212162017822,
        0.8485663533210754,
        0.0,
        0.7631057500839233,
        0.0,
        0.0,
        0.0,
        0.0,
        0.7822873592376709,
        0.8033098578453064,
        0.8370801210403442,
        0.0,
        0.0,
        0.0,
        0.8160050511360168,
        0.0,
        0.0,
        0.7695993185043335,
        0.0,
        0.0,
        0.8385742902755737,
        0.0,
        0.0,
        0.0,
        0.0,
        0.0,
        0.8361655473709106,
        0.0,
        0.0,
        0.0,
        0.8830857276916504,
        0.8624124526977539,
        0.8538424968719482,
        0.8145933151245117,
        0.0,
        0.0,
        0.0,
        0.8144722580909729,
        0.0,
        0.0,
        0.9660767316818237,
        0.0,
        0.0,
        0.0,
        0.0
    ],
    "f1": [
        0.8827171325683594,
        0.0,
        0.0,
        0.0,
        0.8145613670349121,
        0.0,
        0.0,
        0.795413076877594,
        0.0,
        0.8495107889175415,
        0.0,
        0.8627169728279114,
        0.0,
        0.8408848643302917,
        0.0,
        0.0,
        0.8593790531158447,
        0.0,
        0.0,
        0.7829943299293518,
        0.8469875454902649,
        0.0,
        0.0,
        0.0,
        0.0,
        0.847244381904602,
        0.8726514577865601,
        0.0,
        0.8775218725204468,
        0.0,
        0.0,
        0.0,
        0.0,
        0.0,
        0.8257651329040527,
        0.0,
        0.0,
        0.8286628127098083,
        0.8188847899436951,
        0.0,
        0.0,
        0.8346184492111206,
        0.0,
        0.0,
        0.0,
        0.8340230584144592,
        0.0,
        0.0,
        0.0,
        0.8427972793579102,
        0.0,
        0.0,
        0.0,
        0.792590856552124,
        0.8404452800750732,
        0.821881115436554,
        0.821262538433075,
        0.7773762345314026,
        0.0,
        0.8164151310920715,
        0.796441912651062,
        0.8177525401115417,
        0.8022914528846741,
        0.0,
        0.0,
        0.8153920769691467,
        0.8009190559387207,
        0.0,
        0.0,
        0.7880612015724182,
        0.8489159345626831,
        0.0,
        0.785636842250824,
        0.0,
        0.0,
        0.0,
        0.0,
        0.7935861945152283,
        0.8228143453598022,
        0.8210911154747009,
        0.0,
        0.0,
        0.0,
        0.7852133512496948,
        0.0,
        0.0,
        0.7909247875213623,
        0.0,
        0.0,
        0.8432268500328064,
        0.0,
        0.0,
        0.0,
        0.0,
        0.0,
        0.8022637963294983,
        0.0,
        0.0,
        0.0,
        0.8476601839065552,
        0.8261651992797852,
        0.8307204246520996,
        0.8046435117721558,
        0.0,
        0.0,
        0.0,
        0.8081262111663818,
        0.0,
        0.0,
        0.9571388959884644,
        0.0,
        0.0,
        0.0,
        0.0
    ],
    "hashcode": "roberta-large_L17_no-idf_version=0.3.12(hug_trans=4.45.1)"
}