{
    "total": 0.2532467532467532,
    "extrinsic": 0.484472049689441,
    "intrinsic": 0.0,
    "f1": 0.20207253886010362,
    "cross_entropy": 0.727502980810675
}