{
    "total": 0.20454545454545456,
    "extrinsic": 0.36024844720496896,
    "intrinsic": 0.034013605442176874,
    "f1": 0.18027266308185325,
    "cross_entropy": 0.7280406393434786
}