{
    "total": 0.6666666666666666,
    "extrinsic": 0.5714285714285714,
    "intrinsic": 0.75
}