{
    "total": 0.31329113924050633,
    "extrinsic-NP": 0.4625,
    "extrinsic-predicate": 0.10975609756097561,
    "intrinsic-NP": 0.19117647058823528,
    "intrinsic-predicate": 0.20512820512820512,
    "correct": 0.6808510638297872
}