{
    "total": 0.5333333333333333,
    "extrinsic": 0.7857142857142857,
    "intrinsic": 0.3125
}