{
    "total": 0.2540084388185654,
    "extrinsic-NP": 0.13616071428571427,
    "extrinsic-predicate": 0.20430107526881722,
    "intrinsic-NP": 0.125,
    "intrinsic-predicate": 0.08888888888888889,
    "correct": 0.6035087719298246
}