{
    "total": 0.8666666666666667,
    "extrinsic": 0.9285714285714286,
    "intrinsic": 0.8125
}