{
    "total": 0.05737704918032787,
    "extrinsic": 0.05555555555555555,
    "intrinsic": 0.0625,
    "f1": 0.056806722689075634,
    "cross_entropy": 1.3670839404651738
}