{
    "total": 0.7333333333333333,
    "extrinsic": 0.8571428571428571,
    "intrinsic": 0.625
}