{
    "total": 0.3524590163934426,
    "extrinsic": 0.4777777777777778,
    "intrinsic": 0.0,
    "f1": 0.2606060606060606,
    "cross_entropy": 0.7851910799973675
}