{
    "total": 0.045454545454545456,
    "extrinsic": 0.08695652173913043,
    "intrinsic": 0.0,
    "f1": 0.043478260869565216,
    "cross_entropy": 1.0280800720654213
}