{
    "total": 0.8674242424242424,
    "correct": 0.8235294117647058,
    "incorrect": 0.903448275862069,
    "f1": 0.8653198653198653,
    "cross_entropy": 0.850635386011005
}