{
    "total": 0.3360655737704918,
    "extrinsic": 0.4111111111111111,
    "intrinsic": 0.125,
    "f1": 0.28365349764407394,
    "cross_entropy": 0.7982295389635516
}