{
    "total": 0.022727272727272728,
    "1": 0.0,
    "2": 0.0,
    "3": 0.08333333333333333,
    "4": 0.0,
    "f1": 0.0,
    "cross_entropy": 1.5781436402153923
}