{
    "total": 0.06818181818181818,
    "1": 0.0,
    "2": 0.0,
    "3": 0.08333333333333333,
    "4": 0.14814814814814814,
    "f1": 0.0,
    "cross_entropy": 1.8469257657304394
}