{
    "1": {
        "total": 0.16666666666666666,
        "extrinsic-NP": 0.16666666666666666,
        "extrinsic-predicate": 0.0,
        "intrinsic-NP": 0.0,
        "intrinsic-predicate": null,
        "correct": 0.2
    }
}