{
    "total": 0.8487712665406427,
    "correct": 0.8326848249027238,
    "incorrect": 0.8639705882352942
}