{
    "total": 0.5103004291845493,
    "extrinsic-NP": 0.43412526997840173,
    "extrinsic-predicate": 0.390625,
    "intrinsic-NP": 0.2638580931263858,
    "intrinsic-predicate": 0.6078028747433265,
    "correct": 0.8274428274428275
}