{
    "total": 0.36666666666666664,
    "extrinsic": 0.35714285714285715,
    "intrinsic": 0.375
}