{
    "total": 0.07377049180327869,
    "extrinsic": 0.07777777777777778,
    "intrinsic": 0.0625,
    "f1": 0.07221212733023757,
    "cross_entropy": 1.4077644963072453
}