{
    "total": 0.06557377049180328,
    "extrinsic": 0.08888888888888889,
    "intrinsic": 0.0,
    "f1": 0.06153846153846154,
    "cross_entropy": 1.3985423406729083
}