{
    "total": 0.8,
    "extrinsic-NP": 0.6666666666666666,
    "extrinsic-predicate": 1.0,
    "intrinsic-NP": 1.0,
    "intrinsic-predicate": 1.0,
    "correct": 0.3333333333333333
}