{
    "total": 0.23776824034334765,
    "extrinsic-NP": 0.46551724137931033,
    "extrinsic-predicate": 0.4369918699186992,
    "intrinsic-NP": 0.011160714285714286,
    "intrinsic-predicate": 0.1431578947368421,
    "correct": 0.11086474501108648
}