{
    "google_bleu": 0.008633633633633633,
    "rouge1": 0.041637226128681405,
    "rouge2": 0.0,
    "rougeL": 0.034159825749119285,
    "rougeLsum": 0.03473273581993578,
    "meteor": 0.04650190537375447,
    "precision": [
        0.8636559247970581,
        0.7957998514175415,
        0.8128991723060608,
        0.8521577715873718,
        0.8164732456207275,
        0.8637442588806152,
        0.8456449508666992,
        0.7997400164604187,
        0.9509849548339844,
        0.789287805557251,
        0.0,
        0.8068878650665283,
        0.8377341032028198,
        0.8189199566841125,
        0.0,
        0.8052551746368408,
        0.8193703889846802,
        0.7938711047172546,
        0.8074502944946289,
        0.0,
        0.0,
        0.8033826351165771,
        0.862442672252655,
        0.7949596643447876,
        0.0,
        0.0,
        0.0,
        0.8118354082107544,
        0.8869976997375488,
        0.8358416557312012,
        0.0,
        0.8145508170127869,
        0.0,
        0.805980384349823,
        0.9238752126693726,
        0.0,
        0.7711671590805054,
        0.8441005349159241,
        0.7974309325218201,
        0.788905918598175,
        0.7922297716140747,
        0.0,
        0.0,
        0.7661684155464172,
        0.7876774668693542,
        0.8391584157943726,
        0.0
    ],
    "recall": [
        0.8623865842819214,
        0.8657710552215576,
        0.8115346431732178,
        0.8497515916824341,
        0.8526614904403687,
        0.8736978769302368,
        0.8297364711761475,
        0.866624116897583,
        0.8658957481384277,
        0.8238866329193115,
        0.0,
        0.7936187386512756,
        0.8128748536109924,
        0.8639835715293884,
        0.0,
        0.8828942775726318,
        0.8176536560058594,
        0.8762295246124268,
        0.7845703959465027,
        0.0,
        0.0,
        0.802189826965332,
        0.7529579401016235,
        0.8210564851760864,
        0.0,
        0.0,
        0.0,
        0.8197755813598633,
        0.7647882699966431,
        0.8153343200683594,
        0.0,
        0.7740073204040527,
        0.0,
        0.7897182106971741,
        0.8287636041641235,
        0.0,
        0.847917914390564,
        0.8367278575897217,
        0.8258464336395264,
        0.8116036653518677,
        0.8670352101325989,
        0.0,
        0.0,
        0.801876962184906,
        0.8124713897705078,
        0.8026716709136963,
        0.0
    ],
    "f1": [
        0.8630207777023315,
        0.8293121457099915,
        0.8122164011001587,
        0.8509529829025269,
        0.8341750502586365,
        0.8686925768852234,
        0.8376151919364929,
        0.8318397402763367,
        0.9064478874206543,
        0.8062162399291992,
        0.0,
        0.8001983165740967,
        0.8251172304153442,
        0.8408483862876892,
        0.0,
        0.842289388179779,
        0.8185111284255981,
        0.8330196142196655,
        0.7958458662033081,
        0.0,
        0.0,
        0.8027858138084412,
        0.8039901256561279,
        0.807797372341156,
        0.0,
        0.0,
        0.0,
        0.8157861828804016,
        0.8213720321655273,
        0.8254606127738953,
        0.0,
        0.793761670589447,
        0.0,
        0.7977664470672607,
        0.873738706111908,
        0.0,
        0.8077234029769897,
        0.8403980731964111,
        0.8113899827003479,
        0.8000938296318054,
        0.8279461860656738,
        0.0,
        0.0,
        0.7836160659790039,
        0.7998822927474976,
        0.8205096125602722,
        0.0
    ],
    "hashcode": "roberta-large_L17_no-idf_version=0.3.12(hug_trans=4.45.1)"
}