{
    "total": 0.03278688524590164,
    "extrinsic": 0.0,
    "intrinsic": 0.125,
    "f1": 0.031746031746031744,
    "cross_entropy": 1.4004786202744584
}