{
    "total": 0.5206751054852321,
    "extrinsic-NP": 0.9082969432314411,
    "extrinsic-predicate": 0.0,
    "intrinsic-NP": 0.0,
    "intrinsic-predicate": 0.0,
    "correct": 0.7584905660377359
}