{
    "total": 0.36666666666666664,
    "extrinsic": 0.42857142857142855,
    "intrinsic": 0.3125
}