{
    "total": 0.36666666666666664,
    "extrinsic": 0.2857142857142857,
    "intrinsic": 0.4375
}