{
    "total": 0.03571428571428571,
    "extrinsic": 0.055900621118012424,
    "intrinsic": 0.013605442176870748,
    "f1": 0.03521594684385382,
    "cross_entropy": 1.0295844614452523
}